id,first_name,last_name,email,gender,mobile number
1,Wilden,Osgar,wosgar0@yale.edu,Male,652-274-3590
2,Konrad,Groucutt,kgroucutt1@ihg.com,Male,203-497-9216
3,Evie,Keough,ekeough2@posterous.com,Female,821-358-6259
4,Waiter,Cabera,wcabera3@google.it,Male,280-984-5914
5,Foster,Bolgar,fbolgar4@biglobe.ne.jp,Male,290-408-7197
6,Angele,Firebrace,afirebrace5@odnoklassniki.ru,Female,680-840-2566
7,Emeline,Staynes,estaynes6@gravatar.com,Polygender,387-381-4657
8,Katina,Cattanach,kcattanach7@naver.com,Female,859-266-0643
9,Malinde,Duro,mduro8@altervista.org,Female,487-183-2447
10,Elysha,Tiddy,etiddy9@elpais.com,Female,479-135-6619
11,Ashlin,Jouaneton,ajouanetona@1und1.de,Non-binary,120-747-8236
12,Britte,Issett,bissettb@businesswire.com,Female,245-264-0659
13,Crin,Cogan,ccoganc@cnbc.com,Female,270-619-2953
14,Maia,Millins,mmillinsd@gizmodo.com,Female,654-189-6200
15,Jessica,Filewood,jfilewoode@naver.com,Polygender,946-609-1288
16,Hope,Scottrell,hscottrellf@ow.ly,Female,578-219-8992
17,Orelie,Sarton,osartong@istockphoto.com,Female,302-423-4953
18,Nola,Athelstan,nathelstanh@woothemes.com,Female,472-981-1162
19,Kev,Sobieski,ksobieskii@webeden.co.uk,Male,819-295-7108
20,Philippe,Bailie,pbailiej@unblog.fr,Female,525-857-8237
